model_1,True,2
model_2,True,2
model_3,False,1,2.649406462122188,-2.2170626455859592
model_4,True,2
model_5,True,2
model_6,True,2
model_7,True,2
model_8,False,1,2.4589798138525834,-2.9660046828321525
model_9,True,2
model_10,True,2
